,regulator,pvalue,qvalue,precision,recall,f1score,TP,regulon_size,imodulon_size,n_regs,single_gene,enrichment_category,system_category,functional_category,PRECISE 2.0,P2.0_corr,exp_var,trn_enrich_params,note
UC-1,,,,,,,,,44,,,Unknown,Unknown,Unknown,UC-1,0.875012642,0.004793081,,
SG_yqfG,,,,,,,,,1,,TRUE,Technical,Single Gene,Unknown,SG_yqfG,0.820624592,0.000295728,,
SG_ythA,,,,,,,,,1,,TRUE,Technical,Single Gene,Unknown,SG_ythA,0.863837884,0.000245464,,
PhoB-1,PhoB,1.15E-15,1.38E-11,0.888888889,0.170212766,0.285714286,8,47,9,1,,Regulatory,Two-Component Systems,Phosphate Metabolism,PhoB-1,0.861272347,0.000820945,,
BluR+MarA,RpoS+BluR+ppGpp+MarA,3.82E-13,6.86E-09,0.8,1,0.888888889,4,4,5,4,,Regulatory,Stress Responses,Extracellular Structures,BluR,0.908741535,0.002524181,compute_regulon_enrichment(evidence=None),Acid 2CS?
SG_ylcI,,,,,,,,,1,,TRUE,,,,,,0.000491909,,
Leucine,LeuO+Leu-tRNA+ppGpp,1.15E-12,1.59E-06,0.666666667,1,0.8,4,4,6,3,,Regulatory,Metabolism,Amino Acid Metabolism,Leucine,0.863630541,0.003546543,evidence=None; max_regs=3,
NsrR+NarLP,NsrR+NarL+NarP,2.67E-08,,0.333333333,0.307692308,0.32,4,13,12,3,,Regulatory,Stress Responses,Redox Stress,NsrR,0.874342789,0.000730525,"compute_regulon_enrichment(evidence=[0, 1, 2])",
SG_ymgI,,,,,,,,,2,,TRUE,Technical,Single Gene,Unknown,SG_ymgI,0.836894333,0.000643238,,
SG_yfiF,,,,,,,,,3,,,Technical,Single Gene,Unknown,SG_yfiF,0.877512802,0.000599846,,
SG_yniD,,,,,,,,,1,,TRUE,,,,,,0.000559891,,
Copper,HrpR/CusR/CueR/PhoB,2.98E-14,1.09E-17,0.727272727,0.163265306,0.266666667,8,49,11,4,,Regulatory,Two-Component Systems,Metal Homeostasis,CueR/CusR/HprR,0.989886093,0.009915146,"compute_regulon_enrichment(evidence=[1, 2])",
Curli-1,RcsAB+omrA+omrB+RpoS+Crp+BasR+OmpR+ppGpp+CpxR+Cra+MqsA+MlrA+RcdA+CsgD+RstA+H-NS+IHF+FliZ+BtsR+gcvB+mcaS+rprA+rybB+rydC,2.68E-12,2.28E-13,0.571428571,1,0.727272727,4,4,7,24,,Regulatory,Stress Responses,Extracellular Structures,Curli,0.86741876,0.004017466,compute_regulon_enrichment(evidence=None),
PAL Dup,,,,,,,,,95,,,Genomic,ALE Effects,Unknown,PAL Dup,0.932137146,0.000847343,,
SG_ynfQ,,,,,,,,,1,,TRUE,Technical,Single Gene,Prophage,SG_ynfQ,0.733047332,0.001344898,,
SG_ybfQ,,,,,,,,,1,,TRUE,Technical,Single Gene,Unknown,SG_ybfQ,0.680137137,0.000429413,,
XylR-1,Crp+XylR,5.91E-18,2.64E-13,0.5,0.875,0.636363636,7,8,14,2,,Regulatory,Metabolism,Carbon Metabolism,XylR,0.92068849,0.001947852,"evidence=[0, 1, 2]",
rdlC,rdlC,0,0,1,1,1,1,1,1,1,TRUE,Regulatory,Stress Responses,Toxin/Antitoxin,rdlC,0.884892103,0.001195217,"evidence=[0, 1, 2]",
SG_alaE,,,,,,,,,7,,TRUE,Technical,Single Gene,Unknown,SG_alaE,0.841848628,0.006224158,,
SoxS,SoxS,5.07E-34,3.04E-30,0.203389831,0.827586207,0.326530612,24,29,118,1,,Regulatory,Stress Responses,Redox Stress,SoxS,0.98348552,0.004013561,,
GlcC+PdhR+ArcA,ArcA+PdhR+GlcC,0,0,1,1,1,6,6,6,3,,Regulatory,Metabolism,Carbon Metabolism,GlcC,0.911485512,0.00580562,max_regs=3,
Nac/Fis,Nac/Fis,1.22E-10,4.39E-06,0.5,0.101265823,0.168421053,8,79,16,2,,,,,,,0.006259008,,
mdtIJ,,,,,,,,,2,,,,,,,,0.001651912,,
NtrC+RpoS+RpoN,RpoN+RpoS+NtrC,4.84E-27,2.16E-20,0.631578947,0.705882353,0.666666667,12,17,19,3,,,,,,,0.005076005,"evidence=[0, 1, 2];max_regs=3",
CCK IS,,,,,,,,,14,,,Genomic,ALE Effects,Unknown,CCK IS,0.825141809,0.000856119,,
RpoH,RpoH,6.63E-51,2.67E-46,0.860465116,0.264285714,0.404371585,37,140,43,1,,Regulatory,Transcription/Translation,Heat Shock,RpoH,0.9717099,0.003767723,"evidence=[0, 1, 2]",
SG_ymcE,,,,,,,,,1,,TRUE,Technical,Single Gene,Unknown,SG_ymcE,0.779357974,0.002848419,,
CytR,Crp+CytR,2.34E-17,2.80E-13,0.636363636,0.636363636,0.636363636,7,11,11,2,,,,,,,0.001611633,,
Mannitol,Fis+Crp+Cra,3.11E-07,9.06E-07,0.75,0.157894737,0.260869565,3,19,4,3,,Regulatory,Metabolism,Carbon Metabolism,Mlc,0.289461222,0.001516649,"compute_regulon_enrichment(evidence=[0, 1, 2])",
BasR,BasR,1.04E-17,6.64E-13,0.529411765,0.409090909,0.461538462,9,22,17,1,,Regulatory,Two-Component Systems,Metal Homeostasis,BasR,0.929436818,0.001114098,evidence=None,
PAL Del-1,,,,,,,,,41,,,Genomic,ALE Effects,Unknown,PAL Del-1,0.964861787,0.001518427,,
entC ALE,,,,,,,,,7,,,Genomic,ALE Effects,Unknown,entC ALE,0.829899021,0.00090487,,
YciT,YciT,0.003271454,,0.25,0.042553191,0.072727273,2,47,8,1,,Biological,Regulon Discovery,Unknown,YciT,0.84451177,0.000291055,"compute_regulon_enrichment(evidence=[0, 1, 2])",
MetJ,MetJ,1.17E-11,2.11E-07,0.294117647,0.714285714,0.416666667,5,7,17,1,,Regulatory,Metabolism,Amino Acid Metabolism,MetJ,0.959630065,0.0064597,,
tpiA ALE,YqhC/NemR,9.63E-12,3.46E-07,0.444444444,1,0.615384615,4,4,9,2,,Genomic,ALE Effects,Unknown,tpiA ALE,0.854428724,0.00065767,,
pts KO,Crp+Cra,1.73E-11,6.23E-07,0.222222222,0.545454545,0.315789474,6,11,27,2,,Genomic,Genetic Alterations,Carbon Metabolism,pts KO,0.872650443,0.000819052,,
SG_ldrA,,,,,,,,,1,,TRUE,Technical,Single Gene,Unknown,SG_ldrA,0.744248042,0.000445582,,
GalRS,GalR+GalS+Crp+RpoS,1.73E-21,6.09E-11,0.875,1,0.933333333,7,7,8,4,,Regulatory,Metabolism,Carbon Metabolism,GalRS,0.911299604,0.001072416,"compute_regulon_enrichment(evidence=[0, 1, 2])",
Single Reads-1,,,,,,,,,19,,,Technical,Technical,Unknown,Single Reads,0.669167957,0.002455266,,
ubiC/menF KO,,,,,,,,,6,,TRUE,Genomic,ALE Effects,Energy Metabolism,ubiC,0.872363672,0.000548782,,
ROS Del,,,,,,,,,14,,,Genomic,ALE Effects,Redox Stress,ROS Del,0.959556211,0.004225083,,
CueR,CueR,1.13E-06,,0.4,1,0.571428571,2,2,5,1,,Regulatory,Stress Responses,Metal Homeostasis,CueR,0.84433603,0.000633244,"compute_regulon_enrichment(evidence=[1, 2])",
Molybdopterin,Fnr+CueR+ModE+CsrA+Molybdopterin,3.82E-13,,1,0.8,0.888888889,4,5,4,5,,Regulatory,Metabolism,Cofactor Metabolism,Molybdopterin,0.792554418,0.001085876,compute_regulon_enrichment(evidence=None),
gnd KO,,,,,,,,,4,,TRUE,Genomic,Genetic Alterations,Carbon Metabolism,gnd KO,0.820335274,0.000477689,,
Fur-2,Fur,1.28E-36,2.94E-32,0.707317073,0.23015873,0.347305389,29,126,41,1,,Regulatory,Stress Responses,Metal Homeostasis,Fur-2,0.953947482,0.006012693,"evidence=[0, 1, 2]",
Crp-related,,,,,,,,,27,,,Biological,Metabolism,Carbon Metabolism,Crp-related,0.916506312,0.005985068,,
Crp-1,Crp,1.55E-10,1.78E-09,0.75,0.02901354,0.055865922,15,517,20,1,,Regulatory,Metabolism,Carbon Metabolism,Crp-1,0.94608548,0.007596973,"evidence=[0, 1, 2];max_regs=1",
SG_ykgR,,,,,,,,,1,,TRUE,Technical,Single Gene,Unknown,SG_ykgR,0.867615228,0.001265138,,
SG_exoD,,,,,,,,,1,,TRUE,,,,,,0.000272038,,
SG_ymdG,,,,,,,,,1,,TRUE,Technical,Single Gene,Unknown,SG_ymdG,0.864641719,0.000446282,,
PhoP,PhoP,1.98E-18,3.56E-14,0.384615385,0.5,0.434782609,10,20,26,1,,Regulatory,Two-Component Systems,Metal Homeostasis,PhoP,0.830854016,0.001037236,,
NDH-1,NarL+ArcA+IHF+Fnr+Fis+ryhB,6.29E-25,7.90E-20,1,0.692307692,0.818181818,9,13,9,6,,Biological,Metabolism,Energy Metabolism,NDH-1,0.89371096,0.001588367,compute_regulon_enrichment(evidence=None),
Hydrogenase 1,RpoS+Fis+NarP+NarL+AppY+YdeO+ArcA+IscR,1.09E-17,3.22E-15,0.666666667,1,0.8,6,6,9,8,,Biological,Stress Responses,Redox Stress,Hydrogenase 1,0.821776906,0.002169097,"compute_regulon_enrichment(evidence=[0, 1, 2])",
Histidine,His-tRNA+DksA,3.69E-24,2.36E-19,0.888888889,1,0.941176471,8,8,9,2,,Regulatory,Metabolism,Amino Acid Metabolism,Histidine,0.959932302,0.002336499,evidence=None,
Fnr-1,Fnr,2.26E-23,1.59E-19,0.644444444,0.097972973,0.170087977,29,296,45,1,,Regulatory,Energy Production,Anaerobiosis,Fnr-1,0.902413831,0.012145758,"evidence=[0, 1, 2]",
BW25113,MhpR/RhaS,4.12E-14,1.48E-09,0.304347826,0.583333333,0.4,7,12,23,2,,Genomic,Genetic Alterations,Strain Difference,BW25113,0.927722074,0.002575372,,
Fimbriae,QseB+IHF+Lrp+H-NS,0,6.14E-15,1,1,1,7,7,7,4,,Regulatory,Stress Responses,Extracellular Structures,Fimbriae,0.968365784,0.004095639,"compute_regulon_enrichment(evidence=[0, 1, 2])",
FHL,RpoN+NsrR+ModE+IHF+FhlA,3.04E-16,6.45E-16,0.75,0.666666667,0.705882353,6,9,8,5,,Regulatory,Energy Production,Carbon Metabolism,FhlA,0.844880988,0.00063162,"compute_regulon_enrichment(evidence=[0, 1, 2])",
ryhB+IscR,ryhB+IscR,7.19E-14,3.07E-09,0.416666667,1,0.588235294,5,5,12,2,,Regulatory,Stress Responses,Metal Homeostasis,ryhB,0.922505337,0.001664185,evidence=None,
ALE Muts,,,,,,,,,30,,,Genomic,ALE Effects,Unknown,ALE Muts,0.863704305,0.001499058,,
Zinc/Copper,Zur/ZntR/CueR,1.79E-24,9.13E-18,0.769230769,0.666666667,0.714285714,10,15,13,3,,Regulatory,Stress Responses,Metal Homeostasis,ZntR/Zur/CueR,0.982651659,0.009649197,evidence=None;max_regs=3,
SG_ydfW,,,,,,,,,1,,TRUE,Technical,Single Gene,Unknown,SG_ydfW,0.825304419,0.000213653,,
Spermidine,FliA+ModE+ArcA+Lrp+Fur+gcvB+Spermidine,2.29E-14,8.22E-10,0.5,1,0.666666667,5,5,10,7,,Regulatory,Stress Responses,Amino Acid Metabolism,Spermidine,0.958500956,0.003173914,compute_regulon_enrichment(evidence=None),
NagC,NagC+Crp,1.02E-19,5.07E-16,0.555555556,0.434782609,0.487804878,10,23,18,2,,Regulatory,Metabolism,Carbon Metabolism,NagC,0.952845254,0.0015293,"evidence=[0, 1, 2]",
PrpR+Cra,PrpR+RpoN+Cra+Crp,3.82E-13,,0.8,1,0.888888889,4,4,5,4,,Regulatory,Metabolism,Carbon Metabolism,PrpR+Cra,0.921479007,0.003840857,"compute_regulon_enrichment(evidence=[0, 1, 2])",
RcsC-related,,,,,,,,,44,,,Biological,Stress Responses,Membrane Homeostasis,RcsC-related,0.961498972,0.003294562,,
nuoB/cyoB/ndh KO-1,,,,,,,,,3,,,,,,,,0.00051429,,
PyrR,PyrR,0,0,1,1,1,1,1,1,1,TRUE,Regulatory,Two-Component Systems,Carbon Metabolism,PyrR,0.940901659,0.001759602,"compute_regulon_enrichment(evidence=[1, 2])",
NadR,NadR,3.22E-10,9.65E-10,1,0.75,0.857142857,3,4,3,1,,,,,,,0.001082869,"evidence=[0, 1, 2];max_regs=1",
Cytochrome bo3,Fur+GadE+HprR+Fis+CusR+Fnr+ArcA+Cra+Crp+PdhR,1.14E-14,1.48E-09,0.555555556,1,0.714285714,5,5,9,10,,Biological,Metabolism,Energy Metabolism,Cytochrome bo3,0.677376967,0.001280891,"compute_regulon_enrichment(evidence=[0, 1, 2])",
SG_yjiS,,,,,,,,,1,,TRUE,Technical,Single Gene,Unknown,SG_yjiS,0.769725241,0.000568356,,
NikR+Fnr+NarL,RpoN+NarL+NikR+Fnr,5.45E-16,9.79E-12,1,0.833333333,0.909090909,5,6,5,4,,Regulatory,Stress Responses,Metal Homeostasis,NikR+Fnr+NarL,0.9288376,0.002800042,"compute_regulon_enrichment(evidence=[0, 1, 2])",
PAL Del-2,Nac/PaaX,4.10E-16,1.47E-11,0.12037037,0.590909091,0.2,13,22,108,2,,Genomic,ALE Effects,Unknown,PAL Del-2,0.955876852,0.005113757,,
CysB-2,CysB,9.66E-19,8.60E-14,0.818181818,0.290322581,0.428571429,9,31,11,1,,Regulatory,Metabolism,Amino Acid Metabolism,CysB-2,0.853147758,0.000639714,"evidence=[0, 1, 2]",
ArgR,ArgR,6.86E-40,2.47E-35,0.8,0.540540541,0.64516129,20,37,25,1,,Regulatory,Metabolism,Amino Acid Metabolism,ArgR,0.971848288,0.007834381,,
CysB-1,CysB,4.30E-29,3.83E-24,0.551724138,0.516129032,0.533333333,16,31,29,1,,Regulatory,Metabolism,Amino Acid Metabolism,CysB-1,0.9795589,0.006981645,"evidence=[0, 1, 2]",
e14 Removal,,,,,,,,,13,,,Genomic,ALE Effects,Prophage,e14 Removal,0.954738046,0.0030605,,
OmpR-1,OmpR,3.57E-05,,0.333333333,0.090909091,0.142857143,3,33,9,1,,Regulatory,Two-Component Systems,Membrane Homeostasis,OmpR,0.474156358,0.000885092,"compute_regulon_enrichment(evidence=[1, 2])",
NtrC-3,NtrC+RpoN,3.24E-25,2.00E-20,0.777777778,0.285714286,0.417910448,14,49,18,2,,Regulatory,Two-Component Systems,Nitrogen Metabolism,NtrC-3,0.880150696,0.002400167,"evidence=[0, 1, 2]",
PlaR,PlaR+RpoE+Crp+IHF,4.83E-26,3.34E-15,0.818181818,1,0.9,9,9,11,4,,Regulatory,Metabolism,Carbon Metabolism,PlaR,0.964339306,0.000585859,"compute_regulon_enrichment(evidence=[0, 1, 2])",
Thiamine-1,Thiamine diphosphate,1.85E-23,1.18E-18,0.8,1,0.888888889,8,8,10,1,,Regulatory,Metabolism,Cofactor Metabolism,Thiamine-1,0.962573053,0.008679789,evidence=None,
SG_yffM,,,,,,,,,1,,TRUE,,,,,,0.000197131,,
UC_82,,,,,,,,,29,,,,,,,,0.005385836,,
GadE+FliZ,FliZ+GadE,4.01E-12,1.44E-08,0.416666667,0.625,0.5,5,8,12,2,,Regulatory,Stress Responses,Membrane Homeostasis,GadE+FliZ,0.824603364,0.001873854,,
NtrC-2,NtrC+RpoN,1.65E-15,8.76E-11,0.888888889,0.163265306,0.275862069,8,49,9,2,,Regulatory,Two-Component Systems,Nitrogen Metabolism,NtrC-2,0.866402828,0.002805639,"evidence=[0, 1, 2]",
SG_icdC,,,,,,,,,1,,TRUE,Technical,Single Gene,Unknown,SG_icdC,0.749470745,0.000813467,,
CsiR,RpoS+H-NS+Crp+Lrp+GlaR+ppGpp,5.45E-16,,0.833333333,1,0.909090909,5,5,6,6,,,,,,,0.002743663,compute_regulon_enrichment(evidence=None),
DksA-related,,,,,,,,,22,,,Biological,Transcription/Translation,Stringent Response,DksA-related,0.826093582,0.004923455,,
RpoE,RpoE,1.43E-17,1.28E-13,0.764705882,0.10483871,0.184397163,13,124,17,1,,Regulatory,Transcription/Translation,Membrane Homeostasis,RpoE,0.847661146,0.00170682,"evidence=[0, 1, 2]",
pdhR KO,,,,,,,,,1,,TRUE,Genomic,Genetic Alterations,Carbon Metabolism,pdhR KO,0.840236518,0.000710852,,
EvgA,EvgA,4.39E-29,7.89E-25,0.8,0.705882353,0.75,12,17,15,1,,Regulatory,Two-Component Systems,Membrane Homeostasis,EvgA,0.966970206,0.001676479,,
AllR/AraC,AllR/AraC,5.75E-25,5.12E-20,0.846153846,0.47826087,0.611111111,11,23,13,2,,Regulatory,Metabolism,Carbon Metabolism,AllR/AraC/FucR,0.914243878,0.001254332,"evidence=[0, 1, 2]",
LPS,,,,,,,,,35,,,Biological,Stress Responses,Extracellular Structures,LPS,0.930413093,0.004536354,,
Fe-related-1,,,,,,,,,12,,,Biological,Stress Responses,Metal Homeostasis,Fe-related-1,0.863876132,0.000692317,,
OmpR-2,OmpR,1.29E-10,4.62E-06,0.833333333,0.151515152,0.256410256,5,33,6,1,,Regulatory,Two-Component Systems,Membrane Homeostasis,OmpR,0.685402699,0.003430997,,
SG_yoaI,,,,,,,,,1,,TRUE,Technical,Single Gene,Unknown,SG_yoaI,0.864065802,0.000813898,,
UTP,PurR/UTP,5.78E-17,7.39E-12,0.692307692,0.25,0.367346939,9,36,13,2,,Regulatory,Metabolism,Nucleotide Metabolism,UTP,0.945267796,0.016824058,evidence=None,
QseC,,,,,,,,,6,,,,,,,,0.000424463,,Regulon discovery?
ProVWX,RpoS+ppGpp+IHF+H-NS,1.80E-08,,0.75,0.375,0.5,3,8,4,4,,Biological,Stress Responses,Membrane Homeostasis,ProVWX,0.841588827,0.0038255,"compute_regulon_enrichment(evidence=[0, 1, 2])",
AtoC,RpoN+AtoC+IHF,0,0,1,1,1,4,4,4,3,,Regulatory,Two-Component Systems,Fatty Acid Metabolism,AtoC,0.851477052,0.000355794,"evidence=[0, 1, 2]",
TdcAR/CadC,TdcA+TdcR+Crp+IHF/CadC,1.71E-19,3.47E-21,0.583333333,1,0.736842105,7,7,12,4,,Regulatory,Energy Production,Amino Acid Metabolism,TdcAR/CadC,0.885936005,0.003885816,"compute_regulon_enrichment(evidence=[1, 2])",Complex / and + regulon not supported; manually add CadC
RhaS,Crp+RhaS,3.63E-18,6.47E-14,0.75,1,0.857142857,6,6,8,2,,Regulatory,Metabolism,Carbon Metabolism,RhaS,0.977066477,0.004810315,"evidence=[0, 1, 2]",
nuoB/cyoB/ndh KO-2,,,,,,,,,3,,,,,,,,0.000473446,,
SG_ygeI,,,,,,,,,4,,TRUE,,,,,,0.001419992,,
Nir,Crp+Cra+IHF+NarL+NarP+Fis+H-NS+Fnr,3.22E-09,,0.6,0.75,0.666666667,3,4,5,8,,,,,,,0.001703697,"compute_regulon_enrichment(evidence=[0, 1, 2])",
SG_xisR,,,,,,,,,1,,TRUE,Technical,Single Gene,Unknown,SG_xisR,0.720038069,0.00049966,,
SG_ydaG,,,,,,,,,1,,TRUE,Technical,Single Gene,Unknown,SG_ydaG,0.811957905,0.000799206,,
Anaero-related,,,,,,,,,30,,,Biological,Energy Production,Anaerobiosis,Anaero-related,0.90144567,0.011324979,,
SG_ydfA,,,,,,,,,1,,TRUE,Technical,Single Gene,Unknown,SG_ydfA,0.749771771,0.000389227,,
LldR+ArcA,ArcA+LldR,0,0,1,1,1,3,3,3,2,,Regulatory,Energy Production,Carbon Metabolism,LldR+ArcA,0.831784184,0.001309477,,
NrdR,NrdR,1.09E-17,3.91E-13,1,0.666666667,0.8,6,9,6,1,,Regulatory,Metabolism,Nucleotide Metabolism,NrdR,0.877583148,0.003167021,,
FucR/ExuR,FucR/ExuR,5.17E-29,4.60E-22,0.75,0.75,0.75,12,16,16,2,,Regulatory,Metabolism,Carbon Metabolism,FucR/ExuR,0.932040825,0.00205784,"evidence=[0, 1, 2];max_regs=3",
SG_intG,,,,,,,,,1,,TRUE,Technical,Single Gene,Unknown,SG_intG,0.738027426,0.0004751,,
SG_luxS,,,,,,,,,3,,TRUE,,,,,,0.000457224,,
YgbI,,,,,,,,,8,,,Regulatory,Metabolism,Carbon Metabolism,YgbI,0.943652328,0.000593571,,
NarL+Fnr,NarL+Fnr,2.73E-10,1.83E-06,0.666666667,0.111111111,0.19047619,6,54,9,2,,Regulatory,Two-Component Systems,Nitrogen Metabolism,NarL,0.823639001,0.002678236,,
GlpR-1,Crp+GlpR,8.79E-27,2.61E-22,0.9,1,0.947368421,9,9,10,2,,Regulatory,Metabolism,Carbon Metabolism,GlpR-1,0.971178255,0.007225639,"evidence=[0, 1, 2]",
YgeV,,,,,,,,,15,,,Biological,Regulon Discovery,Unknown,YgeV,0.86560988,0.001703398,,
SG_pyrL,,,,,,,,,1,,TRUE,,,,,,0.002834912,,
Thiamine-2,Thiamine diphosphate,4.72E-05,,0.333333333,0.25,0.285714286,2,8,6,1,,Regulatory,Stress Responses,Motility,ComR/FlhDC/SgrR,0.760532548,0.001545386,compute_regulon_enrichment(evidence=None),
SG_yfaH,,,,,,,,,1,,TRUE,Technical,Single Gene,Unknown,SG_yfaH,0.777345126,0.000625994,,
LsrR+Crp+RpoS,RpoS+Crp+LsrR,2.68E-12,,1,0.571428571,0.727272727,4,7,4,3,,,,,,,0.000400627,"compute_regulon_enrichment(evidence=[0, 1, 2])",
YcjW,YcjW,1.89E-16,4.03E-12,0.647058824,0.152777778,0.247191011,11,72,17,1,,Regulatory,Metabolism,Carbon Metabolism,YcjW,0.972098912,0.000577905,evidence=None,
AHAS I,Leu-tRNA+Val-tRNA+ppGpp,9.63E-12,,1,0.444444444,0.615384615,4,9,4,3,,Biological,Metabolism,Amino Acid Metabolism,AHAS I,0.839377872,0.000669618,compute_regulon_enrichment(evidence=None),
SG_ygdT,,,,,,,,,1,,TRUE,Technical,Single Gene,Unknown,SG_ygdT,0.782120171,0.000262737,,
SG_cspH,,,,,,,,,1,,TRUE,Technical,Single Gene,Unknown,SG_cspH,0.747683447,0.001044412,,
Cytochrome c,FlhDC+IHF+NsrR+NarL+NarP+Fis+Fnr,9.07E-19,1.63E-14,1,0.857142857,0.923076923,6,7,6,7,,Biological,Metabolism,Energy Metabolism,Cytochrome c,0.782017044,0.002235293,"compute_regulon_enrichment(evidence=[0, 1, 2])",
CpxR,CpxR,3.04E-22,1.21E-18,0.3,0.367346939,0.330275229,18,49,60,1,,Regulatory,Two-Component Systems,Membrane Homeostasis,CpxR,0.945495109,0.001974109,,
BtsR,BtsR+Crp,9.63E-08,,0.6,0.3,0.4,3,10,5,2,TRUE,Regulatory,Two-Component Systems,Carbon Metabolism,BtsR,0.964675656,0.002142815,compute_regulon_enrichment(evidence=None),
malE OE,,,,,,,,,1,,TRUE,Genomic,Genetic Alterations,Carbon Metabolism,malE OE,0.932782758,0.000869661,,
BirA,BirA,5.09E-15,1.11E-10,0.625,1,0.769230769,5,5,8,1,,Regulatory,Metabolism,Cofactor Metabolism,BirA,0.918843716,0.0031356,,
SG_yqhI,,,,,,,,,1,,TRUE,Technical,Single Gene,Unknown,SG_yqhI,0.804850655,0.001049707,,
Molybdenum,Crp+FliA+ModE,8.04E-10,,0.6,1,0.75,3,3,5,3,,Biological,Stress Responses,Metal Homeostasis,Molybdenum,0.848415684,0.000645229,"compute_regulon_enrichment(evidence=[0, 1, 2])",
FadR+ArcA,FadR+ArcA,2.07E-19,4.61E-15,0.7,0.875,0.777777778,7,8,10,2,,Regulatory,Metabolism,Fatty Acid Metabolism,FadR,0.832130764,0.002457528,"evidence=[0, 1, 2]",
SG_essQ,,,,,,,,,2,,TRUE,,,,,,0.000923112,,
Cra,Cra,4.78E-22,4.26E-17,0.777777778,0.179487179,0.291666667,14,78,18,1,,Regulatory,Metabolism,Carbon Metabolism,Cra,0.963443105,0.003477216,"evidence=[0, 1, 2]",
GadXW,GadE/GadE-RcsB,5.79E-30,2.08E-25,0.866666667,0.565217391,0.684210526,13,23,15,2,,Regulatory,Stress Responses,Redox Stress,GadX,0.973967817,0.015600753,"evidence=[0, 1, 2];max_regs=3",
Fnr+NarLP+FlhDC+ModE,FlhDC+Fnr+NarL+NarP+ModE,9.85E-38,6.11E-40,0.681818182,1,0.810810811,15,15,22,5,,Regulatory,Energy Production,Nitrogen Metabolism,Fnr+NarLP,0.918739834,0.003973509,"compute_regulon_enrichment(evidence=[0, 1, 2])",
ROS_yedX,,,,,,,,,7,,TRUE,Genomic,ALE Effects,Unknown,ROS_yedX,0.846339949,0.000670286,,
SG_ghoT,,,,,,,,,2,,TRUE,Technical,Single Gene,Toxin/Antitoxin,SG_ghoT,0.728543883,0.000578771,,
flhDC,YjjQ+Crp,0,0,1,1,1,2,2,2,2,,Regulatory,Stress Responses,Motility,flhDC,0.807378509,0.000941619,,
GcvA,PurR+Fnr+ppGpp+Crp+Lrp+GcvA,8.04E-10,9.63E-06,0.6,1,0.75,3,3,5,6,,Regulatory,Metabolism,Amino Acid Metabolism,GcvA,0.943202915,0.001560269,"compute_regulon_enrichment(evidence=[0, 1, 2])",
RbsR+dsrA,dsrA+Crp+RbsR,3.27E-15,1.00E-08,0.833333333,0.833333333,0.833333333,5,6,6,3,,Regulatory,Metabolism,Carbon Metabolism,RbsR+dsrA,0.844086405,0.00203835,evidence=None;max_regs=3,
FlhDC-3,FlhDC,1.00E-47,1.80E-43,0.8,0.615384615,0.695652174,24,39,30,1,,,,,,,0.007146061,,
KdpE,KdpE,8.04E-10,,0.6,1,0.75,3,3,5,1,,Regulatory,Two-Component Systems,Metal Homeostasis,KdpE,0.933038076,0.000685113,"compute_regulon_enrichment(evidence=[1, 2])",
Single Reads-2,,,,,,,,,53,,,Technical,Technical,Unknown,Single Reads,0.555165123,0.005939196,,
SG_ynfN,,,,,,,,,2,,TRUE,,,,,,0.001753617,,
Envelope Stress,,,,,,,,,81,,,Biological,Stress Responses,Membrane Homeostasis,Envelope Stress,0.938319189,0.017916183,,
PhoB-2,PhoB,2.51E-37,9.01E-33,0.904761905,0.404255319,0.558823529,19,47,21,1,,Regulatory,Two-Component Systems,Phosphate Metabolism,PhoB-2,0.893284422,0.000773943,,
GalRS/TreR,GalR/GalS/TreR,4.31E-13,7.68E-07,0.833333333,0.416666667,0.555555556,5,12,6,3,,,,,,,0.003323759,"evidence=[0, 1, 2];max_regs=3",
SG_rcbA,,,,,,,,,1,,TRUE,,,,,,0.001126891,,
ArcA,ArcA,1.39E-07,7.65E-06,0.245283019,0.074285714,0.114035088,13,175,53,1,,Regulatory,Energy Production,Anaerobiosis,ArcA,0.915414105,0.010524123,"evidence=[0, 1, 2];max_regs=1",
Fe-related-2,,,,,,,,,2,,TRUE,Biological,Stress Responses,Metal Homeostasis,Fe-related-2,0.790868182,0.002110693,,
ETS ALE,,,,,,,,,11,,,,,,,,0.001083152,,
SG_ydaF,,,,,,,,,2,,TRUE,Technical,Single Gene,Unknown,SG_ydaF,0.790788883,0.000904694,,
Mlc+sgrS+Cra,Crp+Mlc+Cra+sgrS,8.04E-10,,0.6,1,0.75,3,3,5,4,,Regulatory,Metabolism,Carbon Metabolism,Mlc,0.275019537,0.001842139,compute_regulon_enrichment(evidence=None),
SG_yjhZ,,,,,,,,,4,,TRUE,,,,,,0.000287049,,
Glyoxylate,Crp+ArcA+ppGpp+Cra+IclR+IHF,0,0,1,1,1,3,3,3,6,,Regulatory,Metabolism,Carbon Metabolism,Glyoxylate,0.810061132,0.002130559,"compute_regulon_enrichment(evidence=[0, 1, 2])",
SG_ynfT,,,,,,,,,1,,TRUE,Technical,Single Gene,Unknown,SG_ynfT,0.849039756,0.003060247,,
FliA-1,FliA,7.40E-54,1.32E-49,0.9375,0.410958904,0.571428571,30,73,32,1,,Regulatory,Transcription/Translation,Motility,FliA,0.979046646,0.024761236,"evidence=[0, 1, 2]",
SG_xisD,,,,,,,,,1,,TRUE,Technical,Single Gene,Unknown,SG_xisD,0.744820199,0.000621646,,
Lrp,Lrp,8.38E-18,8.30E-14,0.52,0.188405797,0.276595745,13,69,25,1,,Regulatory,Metabolism,Amino Acid Metabolism,Lrp,0.930167398,0.007269971,"evidence=[0, 1, 2]",
PaaX+SlyA,Crp+IHF+PaaX+SlyA,2.56E-18,3.61E-19,0.777777778,0.636363636,0.7,7,11,9,4,,Regulatory,Metabolism,Carbon Metabolism,PaaX,0.872169519,0.000992387,"compute_regulon_enrichment(evidence=[1, 2])",
CsqR,CsqR,4.20E-14,1.51E-09,0.454545455,1,0.625,5,5,11,1,,Regulatory,Metabolism,Carbon Metabolism,CsqR,0.966481117,0.001061177,,
SG_ypjJ,,,,,,,,,1,,TRUE,,,,,,0.000251324,,
RcnR,RcnR,3.38E-07,3.38E-07,1,0.666666667,0.8,2,3,2,1,,Regulatory,Stress Responses,Metal Homeostasis,RcnR,0.778811021,0.001155541,max_regs=1,
SG_arcA,,,,,,,,,3,,TRUE,,,,,,0.00032402,,
Crp-2,Crp,1.97E-06,,0.343283582,0.044487427,0.078767123,23,517,67,1,,Regulatory,Metabolism,Carbon Metabolism,Crp-2,0.910802975,0.010849004,"compute_regulon_enrichment(evidence=[0, 1, 2])",
Tryptophan,TrpR+Trp-tRNA,5.09E-15,5.42E-11,0.625,1,0.769230769,5,5,8,2,,Regulatory,Metabolism,Amino Acid Metabolism,Tryptophan,0.919207577,0.001651489,evidence=None,
SG_tnaA,,,,,,,,,2,,TRUE,,,,,,0.002456613,,
SG_yahM,,,,,,,,,4,,TRUE,,,,,,0.000609896,,
baeR KO/KpLE2 Phage,,,,,,,,,37,,,,,,,,0.001585644,,
NtrC-1,RpoN+NtrC,1.81E-12,9.17E-08,1,0.12244898,0.218181818,6,49,6,2,,Regulatory,Two-Component Systems,Nitrogen Metabolism,NtrC-1,0.799553141,0.002405712,"evidence=[0, 1, 2]",
OxyR,OxyR,7.83E-26,1.41E-21,0.441176471,0.517241379,0.476190476,15,29,34,1,,Regulatory,Stress Responses,Redox Stress,OxyR,0.954477896,0.001714902,,
SG_aaeX,,,,,,,,,1,,TRUE,,,,,,0.000287957,,
minE Strain,,,,,,,,,84,,,,,,,,0.02390398,,
FDH-O,,,,,,,,,7,,,Biological,Energy Production,Energy Metabolism,FDH-O,0.86355222,0.001318575,,
Curli-2,RpoS+FliZ+CpxR+CsgD+BtsR,5.62E-08,,0.5,0.428571429,0.461538462,3,7,6,5,,,,,,,0.001710781,compute_regulon_enrichment(evidence=None),
menF KO,,,,,,,,,6,,,Genomic,Genetic Alterations,Metal Homeostasis,menF KO,0.882784938,0.000833336,,
NanR,Crp+NanR,6.77E-23,1.51E-18,0.727272727,1,0.842105263,8,8,11,2,,Regulatory,Metabolism,Carbon Metabolism,NanR,0.861890486,0.001621809,,
GntR,GntR+Crp,2.37E-20,3.02E-16,0.615384615,0.8,0.695652174,8,10,13,2,,Regulatory,Metabolism,Carbon Metabolism,GntR,0.956192166,0.000787393,"evidence=[0, 1, 2]",
sdh KO,,,,,,,,,5,,,Genomic,Genetic Alterations,Carbon Metabolism,sdh KO,0.97265959,0.002975551,,
YieP,YieP,2.72E-17,9.77E-13,0.6,1,0.75,6,6,10,1,,Regulatory,Stress Responses,Membrane Homeostasis,YieP,0.954284894,0.000822069,,
GutM+SrlR,SrlR+GutM+H-NS+Crp,0,,1,1,1,7,7,7,4,,Regulatory,Metabolism,Carbon Metabolism,GutM+SrlR,0.884042952,0.002461504,"compute_regulon_enrichment(evidence=[0, 1, 2])",
Nac,Nac,3.42E-24,7.63E-20,0.4,0.538461538,0.459016393,14,26,35,1,,Regulatory,Stress Responses,Nitrogen Metabolism,Nac,0.926303736,0.001618767,"evidence=[0, 1, 2]",
SG_ytiC,,,,,,,,,1,,TRUE,Technical,Single Gene,Unknown,SG_ytiC,0.895433166,0.001314721,,
pgi KO,,,,,,,,,4,,TRUE,Genomic,Genetic Alterations,Carbon Metabolism,pgi KO,0.922231791,0.000694104,,
Membrane-2,,,,,,,,,38,,,Biological,Stress Responses,Membrane Homeostasis,Membrane-2,0.942782732,0.004502358,,
UC_188,,,,,,,,,4,,,,,,,,0.002276246,,
thrA KO,,,,,,,,,5,,TRUE,Genomic,Genetic Alterations,Amino Acid Metabolism,thrA KO,0.913980426,0.00152808,,
SG_kilR,,,,,,,,,1,,TRUE,,,,,,0.000873759,,
SG_ykfJ,,,,,,,,,2,,TRUE,,,,,,0.000594877,,
Fnr+IHF+gcvB,gcvB+IHF+Fnr,6.86E-14,1.50E-07,0.555555556,0.833333333,0.666666667,5,6,9,3,,Regulatory,Metabolism,Carbon Metabolism,Fnr+IHF+gcvB,0.797936027,0.003500584,evidence=None;max_regs=3,
CdaR,CdaR,8.79E-27,7.83E-22,0.9,1,0.947368421,9,9,10,1,,Regulatory,Metabolism,Carbon Metabolism,CdaR,0.968799232,0.002207193,"evidence=[0, 1, 2]",
ppGpp,ppGpp,4.10E-46,8.37E-42,0.849462366,0.104635762,0.186320755,79,755,93,1,,Regulatory,Transcription/Translation,Stringent Response,ppGpp,0.928128155,0.023615432,"evidence=[0, 1, 2]",
LexA,LexA,2.47E-34,1.10E-29,0.863636364,0.327586207,0.475,19,58,22,1,,Regulatory,Stress Responses,DNA Damage,LexA,0.941852488,0.002182572,"evidence=[0, 1, 2]",
MalT,Crp+MalT,7.77E-21,1.73E-16,0.777777778,1,0.875,7,7,9,2,,Regulatory,Metabolism,Carbon Metabolism,MalT,0.940408235,0.005964195,"evidence=[0, 1, 2]",
ArgP,ArgP,6.39E-11,4.59E-07,0.222222222,0.461538462,0.3,6,13,27,1,,Regulatory,Metabolism,Amino Acid Metabolism,ArgP,0.910558051,0.001858272,,
CCK-PGI Del,,,,,,,,,14,,,Genomic,ALE Effects,Unknown,CCK-PGI Del,0.876591664,0.000726186,,
NtrC-4,RpoN+NtrC,1.85E-16,9.82E-12,1,0.163265306,0.280701754,8,49,8,2,,,,,,,0.002433932,"evidence=[0, 1, 2]",
CysB+Cbl,Cbl+CysB,8.12E-23,4.17E-19,0.473684211,1,0.642857143,9,9,19,2,,Regulatory,Metabolism,Amino Acid Metabolism,CysB+Cbl,0.962715396,0.001361048,,
Enterobactin,Crp+ryhB+Fur,3.21E-08,,0.5,0.5,0.5,3,6,6,3,,,,,,,0.003516632,"compute_regulon_enrichment(evidence=[0, 1, 2])",
Fur-1,Fur,9.55E-32,5.15E-27,0.88,0.174603175,0.291390728,22,126,25,1,,Regulatory,Stress Responses,Metal Homeostasis,Fur-1,0.939452394,0.008862351,"evidence=[0, 1, 2]",
SG_ynaM,,,,,,,,,1,,TRUE,Technical,Single Gene,Unknown,SG_ynaM,0.756771141,0.000896263,,
YmfT,,,,,,,,,16,,,Genomic,Regulon Discovery,Unknown,YmfT,0.932069169,0.00097588,,
Fnr+NarL,NarL+Fnr,4.63E-17,1.66E-12,0.9,0.166666667,0.28125,9,54,10,2,,Regulatory,Energy Production,Nitrogen Metabolism,Fnr+NarL,0.900930205,0.002716552,,
LsrR,Crp+LsrR,0,0,1,1,1,9,9,9,2,,Regulatory,Stress Responses,Quorum Sensing,LsrR,0.491007093,0.001867937,,
SG_ytiD,,,,,,,,,1,,TRUE,Technical,Single Gene,Unknown,SG_ytiD,0.822774975,0.000501886,,
SG_yoaG,,,,,,,,,2,,TRUE,Technical,Single Gene,Unknown,SG_yoaG,0.801678751,0.000599634,,
SG_hokA,,,,,,,,,1,,TRUE,Technical,Single Gene,Toxin/Antitoxin,SG_hokA,0.831361923,0.000378787,,
GadEXW,GadX/GadW/GadE,1.99E-15,1.52E-09,0.7,0.35,0.466666667,7,20,10,3,,Regulatory,Stress Responses,Redox Stress,GadEXW,0.814525589,0.005073638,max_regs=3,
SG_yzfA,,,,,,,,,1,,TRUE,Technical,Single Gene,Unknown,SG_yzfA,0.773801585,0.000372172,,
FlhDC+FliA,FliA+FlhDC,1.01E-09,,0.625,0.15625,0.25,5,32,8,2,,Regulatory,Metabolism,Carbon Metabolism,Fnr+IHF+gcvB,0.310369037,0.000990918,"compute_regulon_enrichment(evidence=[0, 1, 2])",
Fnr-2,Fnr,4.15E-10,1.42E-06,0.323529412,0.074324324,0.120879121,22,296,68,1,,Regulatory,Energy Production,Anaerobiosis,Fnr-2,0.899065391,0.013510632,"evidence=[0, 1, 2]",
SG_yafF,,,,,,,,,1,,TRUE,Technical,Single Gene,Unknown,SG_yafF,0.77622866,0.000287998,,
IS1,,,,,,,,,10,,,,,,,,0.001598199,,
XylR-2,XylR,8.98E-08,1.80E-07,0.5,0.375,0.428571429,3,8,6,1,,,,,,,0.000245972,max_regs=1,
FlhDC-2,FlhDC,1.51E-63,9.04E-60,0.794871795,0.794871795,0.794871795,31,39,39,1,,,,,,,0.027748235,"evidence=[0, 1 ,2]",
TyrR,TyrR,8.52E-18,1.53E-13,0.7,0.636363636,0.666666667,7,11,10,1,,Regulatory,Metabolism,Amino Acid Metabolism,TyrR,0.912073556,0.001426598,,
SG_yqgD,,,,,,,,,1,,TRUE,,,,,,0.000634252,,
ZraR,ZraR,3.38E-07,3.38E-07,1,0.666666667,0.8,2,3,2,1,TRUE,Regulatory,Two-Component Systems,Metal Homeostasis,ZraR,0.903204185,0.000560424,max_regs=1,
GlpR-2,Crp+GlpR,3.04E-16,6.78E-12,0.75,0.666666667,0.705882353,6,9,8,2,,Regulatory,Metabolism,Carbon Metabolism,GlpR-2,0.80756483,0.000527684,"evidence=[0, 1, 2]",
AraC,AraC+Crp,1.37E-18,4.06E-14,0.875,0.583333333,0.7,7,12,8,2,,Regulatory,Stress Responses,Quorum Sensing,LsrR,0.264229859,0.000887576,"evidence=[0, 1, 2]",
Translation,ppGpp+DksA,1.46E-48,6.22E-45,0.641509434,0.419753086,0.507462687,34,81,53,2,,Regulatory,Transcription/Translation,Translation,Translation,0.921684263,0.006790297,evidence=None,
Resistance,,,,,,,,,50,,,Biological,Stress Responses,Membrane Homeostasis,Resistance,0.88021342,0.005241443,,
PuuR,RpoS+Crp+ArcA+PuuR,5.09E-15,0,0.625,1,0.769230769,5,5,8,4,,Regulatory,Metabolism,Nitrogen Metabolism,PuuR,0.931375224,0.010250817,"compute_regulon_enrichment(evidence=[0, 1, 2])",
Membrane-1,,,,,,,,,74,,,Biological,Stress Responses,Membrane Homeostasis,Membrane-1,0.887813454,0.008428613,,
DLP12,,,,,,,,,10,,,Genomic,ALE Effects,Prophage,DLP12,0.894729973,0.003599149,,
Isoleucine,Lrp+IHF+Ile-tRNA+Leu-tRNA+Val-tRNA+ppGpp,2.29E-14,2.06E-07,0.5,1,0.666666667,5,5,10,6,,Regulatory,Metabolism,Amino Acid Metabolism,Isoleucine,0.859526984,0.001767721,compute_regulon_enrichment(evidence=None),
Fe-related-3,,,,,,,,,10,,,Biological,Stress Responses,Metal Homeostasis,Fe-related-3,0.911865629,0.002658255,,
PurR,PurR+ppGpp,1.00E-25,1.12E-21,0.5,0.619047619,0.553191489,13,21,26,2,,Regulatory,Metabolism,Nucleotide Metabolism,PurR,0.964425754,0.009097275,"evidence=[0, 1, 2]",
Succinyl-CoA,RpoS+Fur+Fnr+IHF+Crp+ArcA+ryhB,1.15E-12,,0.666666667,1,0.8,4,4,6,7,,,,,,,0.004765534,compute_regulon_enrichment(evidence=None),
RcsAB,RcsAB,5.63E-18,2.51E-13,0.27027027,0.625,0.377358491,10,16,37,1,,Regulatory,Stress Responses,Membrane Homeostasis,RcsAB,0.983910597,0.005265589,"evidence=[0, 1, 2]",
CP4-44,,,,,,,,,4,,,Genomic,ALE Effects,Prophage,CP4-44,0.960700753,0.001334053,,
ExuR/YdfH/RhaRS,ExuR/YdfH/RhaRS/Crp,1.51E-12,,0.714285714,0.416666667,0.526315789,5,12,7,3,,Regulatory,Metabolism,Carbon Metabolism,ExuR/YdfH/RhaRS,0.843490401,0.000775779,compute_regulon_enrichment(evidence=None),Add Crp Manually
RpoS,RpoS,2.02E-24,1.50E-20,0.41025641,0.148148148,0.217687075,48,324,117,1,,Regulatory,Transcription/Translation,Stringent Response,RpoS,0.963570187,0.036382916,"evidence=[0, 1, 2]",
Suf System,NsrR+IHF+IscR+OxyR+Fur+ppGpp,0,0,1,1,1,6,6,6,6,,Regulatory,Metabolism,Fe-S Cluster Assembly,Suf System,0.88727155,0.003002341,compute_regulon_enrichment(evidence=None),
sokB/rdlD,sokB/rdlD,0,,1,1,1,2,2,2,2,TRUE,Regulatory,Stress Responses,Toxin/Antitoxin,sokB/rdlD,0.733556017,0.000501173,compute_regulon_enrichment(evidence=None),
asr,,,,,,,,,2,,TRUE,Regulatory,Stress Responses,Redox Stress,asr,0.891535511,0.001328481,,
DhaR/Mlc/GalRS,DhaR/Mlc/GalR,1.45E-12,9.22E-07,0.666666667,0.25,0.363636364,6,24,9,3,,Regulatory,Metabolism,Carbon Metabolism,Mlc,0.792562234,0.001074963,"evidence=[0, 1, 2];max_regs=3",
SG_yojO,,,,,,,,,1,,TRUE,Technical,Single Gene,Unknown,SG_yojO,0.751514419,0.000484379,,
FecI,PdhR+HypT+Nac+Crp+Fur+FecI,5.45E-16,4.64E-07,0.833333333,1,0.909090909,5,5,6,6,,Regulatory,Transcription/Translation,Metal Homeostasis,FecI,0.899689508,0.001081314,compute_regulon_enrichment(evidence=None),
Hot TALE Mut-2,NarL+DcuR,3.70E-10,6.65E-06,0.2,1,0.333333333,4,4,20,2,,Genomic,ALE Effects,Unknown,Hot TALE Mut-2,0.872097002,0.001041473,,
Cytochrome bd-I,ArcA+Cra+H-NS+HypT+Fnr,6.77E-07,,0.5,1,0.666666667,2,2,4,5,,Biological,Metabolism,Energy Metabolism,Cytochrome bd-I,0.760219271,0.002875177,"compute_regulon_enrichment(evidence=[1, 2])",
SG_yjhE,,,,,,,,,1,,TRUE,,,,,,0.000383635,,
NQ-ALE3,,,,,,,,,41,,,Genomic,ALE Effects,Energy Metabolism,NQ-ALE3,0.886392696,0.001951707,,
SG_ypjK,,,,,,,,,3,,TRUE,,,,,,0.000591158,,
pts ALE,,,,,,,,,58,,,Genomic,ALE Effects,Unknown,pts ALE,0.896451054,0.001540802,,
ECA,NsrR/ppGpp,1.52E-05,,0.818181818,0.01092233,0.021556886,9,824,11,2,,Biological,Stress Responses,Extracellular Structures,ECA,0.86636112,0.006794509,"compute_regulon_enrichment(evidence=[0, 1, 2])",
SG_sgrT,,,,,,,,,6,,TRUE,Technical,Single Gene,Unknown,SG_sgrT,0.839686344,0.000643849,,
SG_sgcB,,,,,,,,,6,,TRUE,,,,,,0.002730723,,
SG_yhfL,,,,,,,,,4,,TRUE,,,,,,0.000597145,,
FliA-2,FliA,7.49E-17,1.11E-12,0.571428571,0.164383562,0.255319149,12,73,21,1,,Regulatory,Stress Responses,Motility,FlhDC-1,0.256584046,0.00142158,"evidence=[0, 1, 2]",
PspF,RpoN+IHF+PspF,3.27E-15,7.28E-09,0.833333333,0.833333333,0.833333333,5,6,6,3,,Regulatory,Stress Responses,Phage Shock,PspF,0.79800665,0.002246498,"evidence=[0, 1, 2];max_regs=3",
ibpAB,,,,,,,,,4,,,,,,,,0.001264193,,
Cold Shock,,,,,,,,,10,,,,,,,,0.014109016,,
SG_essD,,,,,,,,,3,,TRUE,,,,,,0.001676388,,
UC-2,,,,,,,,,15,,,,,,,,0.00166061,,
IS5,,,,,,,,,8,,,,,,,,0.003451548,,
UC-3,,,,,,,,,31,,,,,,,,0.031578208,,
Salicylic Acid,ComR/MarR,1.61E-11,5.77E-07,0.4,1,0.571428571,4,4,10,2,,Biological,Stress Responses,Metal Homeostasis,ComR/MarR,0.872840111,0.001107111,,
SG_aaaD,,,,,,,,,4,,TRUE,,,,,,0.000422452,,
BetI,ArcA+Cra+BetI,1.15E-12,1.28E-06,0.666666667,1,0.8,4,4,6,3,,,,,,,0.00240047,"evidence=[0, 1, 2];max_regs=3",
Membrane Stress,,,,,,,,,27,,,Biological,Stress Responses,Membrane Homeostasis,Membrane Stress,0.877504754,0.005818811,,